text,departure,destination
Elle cherche un itinéraire jusqu'à Nice à Paris,Nice,Paris
Je veux aller de Biarritz à Marseille,Biarritz,Marseille
Il prévoit de partir de Lyon à Toulouse demain,Lyon,Toulouse
Nous réservons un billet pour un trajet de Bordeaux à Nantes,Bordeaux,Nantes
Elle va prendre le train de Strasbourg à Lille,Strasbourg,Lille
Il part de Montpellier pour aller à Lyon,Montpellier,Lyon
Elle cherche un vol de Paris à Nice,Paris,Nice
Il prend l'avion pour un trajet entre Lyon et Marseille,Lyon,Marseille
Nous prévoyons de partir de Toulouse pour visiter Bordeaux,Toulouse,Bordeaux
Je cherche un itinéraire en train de Nantes à Rennes,Nantes,Rennes
Nous devons partir demain matin de Marseille à Strasbourg,Marseille,Strasbourg
Je dois rejoindre mes amis de Bordeaux à Paris,Bordeaux,Paris
Il a prévu de voyager de Lille à Toulouse,Lille,Toulouse
Je pars de Nice pour un séjour à Paris,Nice,Paris
Nous avons réservé un billet de Rennes à Lyon,Rennes,Lyon
Ils veulent un trajet de Marseille à Bordeaux,Marseille,Bordeaux
Elle se rendra de Strasbourg à Lille en train,Strasbourg,Lille
Nous allons en voiture de Toulouse à Montpellier,Toulouse,Montpellier
Il cherche un vol de Bordeaux à Paris,Bordeaux,Paris
Elle a prévu un trajet de Marseille à Nantes,Marseille,Nantes
Ils prennent un train de Rennes à Lyon ce soir,Rennes,Lyon
Nous partons demain matin de Paris à Lille,Paris,Lille
Il a acheté un billet de Toulouse à Bordeaux,Toulouse,Bordeaux
Elle prend l'avion de Nice à Lyon la semaine prochaine,Nice,Lyon
Nous cherchons un trajet de Nantes à Paris,Nantes,Paris
Il voyage de Lille à Marseille pour un événement,Lille,Marseille
Elle prend le train de Rennes à Strasbourg,Rennes,Strasbourg
Je prévois de partir de Paris pour aller à Lyon,Paris,Lyon
Nous cherchons un itinéraire de Toulouse à Marseille,Toulouse,Marseille
Elle prévoit un trajet de Lille à Nice,Lille,Nice
Il part en train de Rennes à Paris,Rennes,Paris
Nous allons voyager de Marseille à Toulouse,Marseille,Toulouse
Je cherche un billet de train de Bordeaux à Nantes,Bordeaux,Nantes
Elle a réservé un vol de Paris à Marseille,Paris,Marseille
Il doit rejoindre un client de Strasbourg à Lyon,Strasbourg,Lyon
Nous avons prévu de partir de Lille à Rennes,Lille,Rennes
Je dois prendre un avion de Marseille à Paris,Marseille,Paris
Elle part de Lyon pour visiter Toulouse,Lyon,Toulouse
Nous cherchons un itinéraire de train de Bordeaux à Nice,Bordeaux,Nice
Il prévoit de partir de Paris à Rennes,Paris,Rennes
Elle veut prendre un train de Lille à Marseille,Lille,Marseille
Nous prévoyons un voyage de Rennes à Paris,Rennes,Paris
Je vais voyager de Toulouse à Lille,Toulouse,Lille
Elle doit rejoindre des collègues de Paris à Lyon,Paris,Lyon
Nous cherchons un trajet en train de Bordeaux à Marseille,Bordeaux,Marseille
Il prend un avion de Nice à Strasbourg,Nice,Strasbourg
Elle part de Rennes pour visiter Nantes,Rennes,Nantes
Nous réservons un billet de Paris à Toulouse,Paris,Toulouse
Il prévoit un vol de Lyon à Lille,Lyon,Lille
Elle prend un train de Bordeaux à Marseille,Bordeaux,Marseille
Nous cherchons un vol de Toulouse à Rennes,Toulouse,Rennes
Je prévois de prendre un train de Paris à Nice,Paris,Nice
Nous partons demain de Lille à Bordeaux,Lille,Bordeaux
Elle veut réserver un billet de Rennes à Lyon,Rennes,Lyon
Je dois aller de Paris à Nantes,Paris,Nantes
Elle prévoit un voyage de Marseille à Lille,Marseille,Lille
Nous avons pris un billet de Toulouse à Bordeaux,Toulouse,Bordeaux
Il part en voiture de Lille à Paris,Lille,Paris
Je prends un vol de Marseille à Strasbourg,Marseille,Strasbourg
Elle part en train de Bordeaux à Rennes,Bordeaux,Rennes
Nous réservons un billet de Lyon à Marseille,Lyon,Marseille
Elle veut voyager de Toulouse à Paris,Toulouse,Paris
Nous cherchons un itinéraire de train de Rennes à Lille,Rennes,Lille
Il prend un avion de Marseille à Nantes,Marseille,Nantes
Elle prévoit de partir de Paris à Rennes,Paris,Rennes
Nous allons de Lyon à Bordeaux demain,Lyon,Bordeaux
Il prend un train de Lille à Toulouse,Lille,Toulouse
Elle cherche un trajet de Rennes à Marseille,Rennes,Marseille
Nous prévoyons un voyage de Bordeaux à Lyon,Bordeaux,Lyon
Je dois aller de Paris à Marseille demain,Paris,Marseille
Elle prévoit de rejoindre ses amis de Lille à Toulouse,Lille,Toulouse
Il part de Rennes pour un événement à Paris,Rennes,Paris
Nous réservons un billet de Marseille à Lille,Marseille,Lille
Elle prend un avion de Toulouse à Lyon,Toulouse,Lyon
Je pars de Paris pour visiter Rennes,Paris,Rennes
Nous cherchons un trajet de train de Lille à Bordeaux,Lille,Bordeaux
Il voyage de Rennes à Nice,Rennes,Nice
Je cherche un billet de train de Paris à Marseille,Paris,Marseille
Elle prévoit de voyager de Bordeaux à Lyon demain,Bordeaux,Lyon
Nous avons un vol prévu de Toulouse à Nice,Toulouse,Nice
Il prend le bus de Rennes à Strasbourg ce soir,Rennes,Strasbourg
Elle veut un itinéraire de train de Lille à Paris,Lille,Paris
Je dois partir de Lyon pour une réunion à Marseille,Lyon,Marseille
Nous avons un billet de train pour un voyage de Nantes à Paris,Nantes,Paris
Elle prévoit de prendre le train de Marseille à Lyon,Marseille,Lyon
Je cherche un itinéraire de Bordeaux à Nice,Bordeaux,Nice
Il prévoit de partir de Rennes pour visiter Lille,Rennes,Lille
Elle prend un avion de Toulouse à Strasbourg,Toulouse,Strasbourg
Nous allons voyager de Lyon à Bordeaux demain,Lyon,Bordeaux
Il part en train de Paris à Nice,Paris,Nice
Elle veut réserver un billet de Rennes à Marseille,Rennes,Marseille
Je prévois de prendre le train de Nantes à Lyon,Nantes,Lyon
Nous avons un vol prévu de Lille à Toulouse,Lille,Toulouse
Elle doit rejoindre des amis de Marseille à Paris,Marseille,Paris
Il prévoit de voyager de Bordeaux à Strasbourg,Bordeaux,Strasbourg
Nous cherchons un itinéraire de Rennes à Toulouse,Rennes,Toulouse
Elle prend un billet pour un trajet de Nice à Bordeaux,Nice,Bordeaux
Je veux partir de Lyon pour un événement à Paris,Lyon,Paris
Il partira demain de Toulouse à Lille,Toulouse,Lille
Elle prend un train de Rennes à Lyon,Rennes,Lyon
Nous réservons un vol de Marseille à Nice,Marseille,Nice
Il veut voyager de Paris à Strasbourg,Paris,Strasbourg
Elle prévoit un trajet de Bordeaux à Toulouse,Bordeaux,Toulouse
Nous avons un billet pour un voyage de Lille à Lyon,Lille,Lyon
Elle veut rejoindre ses collègues de Rennes à Paris,Rennes,Paris
Je dois partir de Marseille pour un séjour à Bordeaux,Marseille,Bordeaux
Il prend le bus de Nice à Toulouse ce soir,Nice,Toulouse
Elle prévoit de voyager de Lyon à Rennes demain,Lyon,Rennes
Nous réservons un vol de Paris à Lille,Paris,Lille
Elle partira en train de Bordeaux à Marseille,Bordeaux,Marseille
Il prévoit de rejoindre des amis de Rennes à Nice,Rennes,Nice
Nous avons un trajet prévu de Toulouse à Lyon,Toulouse,Lyon
Elle doit partir de Paris pour un événement à Marseille,Paris,Marseille
Je cherche un itinéraire de Rennes à Bordeaux,Rennes,Bordeaux
Il part de Lille pour un séjour à Strasbourg,Lille,Strasbourg
Elle prend un avion de Nice à Lyon la semaine prochaine,Nice,Lyon
Nous prévoyons de prendre le train de Bordeaux à Lille,Bordeaux,Lille
Elle veut rejoindre des amis de Paris à Toulouse,Paris,Toulouse
Nous avons réservé un billet de Marseille à Rennes,Marseille,Rennes
Il prévoit de partir de Lyon pour visiter Lille,Lyon,Lille
Je pars de Rennes pour un voyage à Paris,Rennes,Paris
Elle prend un billet de train de Toulouse à Nice,Toulouse,Nice
Nous réservons un vol de Bordeaux à Strasbourg,Bordeaux,Strasbourg
Il cherche un itinéraire de Paris à Lyon,Paris,Lyon
Elle prévoit de rejoindre ses collègues de Lille à Marseille,Lille,Marseille
Nous devons partir de Nice pour un événement à Rennes,Nice,Rennes
Je cherche un vol de Toulouse à Paris,Toulouse,Paris
Elle a prévu de voyager de Bordeaux à Marseille,Bordeaux,Marseille
Nous avons un billet pour un trajet de Lyon à Strasbourg,Lyon,Strasbourg
Elle veut partir de Lille pour visiter Rennes,Lille,Rennes
Je prévois de prendre le train de Marseille à Paris,Marseille,Paris
Il prend un bus de Bordeaux à Nice ce soir,Bordeaux,Nice
Elle prévoit un itinéraire de Rennes à Toulouse,Rennes,Toulouse
Nous allons partir de Lyon pour un événement à Lille,Lyon,Lille
Elle veut prendre un billet de train de Nice à Paris,Nice,Paris
Il prévoit de rejoindre des amis de Marseille à Rennes,Marseille,Rennes
Je cherche un trajet de Toulouse à Lyon,Toulouse,Lyon
Elle prend un avion de Bordeaux à Paris,Bordeaux,Paris
Nous partons en train de Lille à Nice,Lille,Nice
Il prévoit de voyager de Rennes à Strasbourg,Rennes,Strasbourg
Elle veut prendre un vol de Lyon à Toulouse,Lyon,Toulouse
Je cherche un billet de train de Marseille à Lille,Marseille,Lille
Nous avons réservé un vol de Paris à Bordeaux,Paris,Bordeaux
Elle partira de Nice pour un événement à Rennes,Nice,Rennes
Il prévoit un voyage de Toulouse à Marseille,Toulouse,Marseille
Nous avons un trajet de Lille à Paris prévu,Lille,Paris
Elle veut rejoindre ses amis de Rennes à Lyon,Rennes,Lyon
Je pars de Bordeaux pour visiter Marseille,Bordeaux,Marseille
Il prévoit de prendre un bus de Lyon à Nice,Lyon,Nice
Elle a réservé un billet pour un trajet de Paris à Toulouse,Paris,Toulouse
Nous cherchons un vol de Marseille à Strasbourg,Marseille,Strasbourg
Elle veut voyager de Lille à Bordeaux,Lille,Bordeaux
Je cherche un billet de train de Rennes à Marseille,Rennes,Marseille
Nous prévoyons de prendre un vol de Toulouse à Paris,Toulouse,Paris
Elle prévoit un trajet de Nice à Lyon,Nice,Lyon
Il part de Bordeaux pour un séjour à Lille,Bordeaux,Lille
Elle prend un billet pour un trajet de Rennes à Nice,Rennes,Nice
Nous avons réservé un vol de Paris à Lyon,Paris,Lyon
Il cherche un itinéraire de Marseille à Toulouse,Marseille,Toulouse
Elle veut partir de Strasbourg pour un séjour à Rennes,Strasbourg,Rennes
Je prévois de prendre le bus de Nice à Paris,Nice,Paris
Elle prévoit de rejoindre ses amis de Lille à Bordeaux,Lille,Bordeaux
Nous réservons un vol de Toulouse à Lyon,Toulouse,Lyon
Il veut partir de Rennes pour visiter Marseille,Rennes,Marseille
Je prends un billet de train de Bordeaux à Strasbourg,Bordeaux,Strasbourg
Elle veut voyager de Lyon à Paris,Lyon,Paris
Nous avons un billet pour un trajet de Lille à Nice,Lille,Nice
Elle doit rejoindre des collègues de Rennes à Bordeaux,Rennes,Bordeaux
Je cherche un vol de Marseille à Paris,Marseille,Paris
Il prévoit de partir de Lyon pour un événement à Toulouse,Lyon,Toulouse
Elle prend un train de Bordeaux à Lille,Bordeaux,Lille
Nous cherchons un vol de Paris à Strasbourg,Paris,Strasbourg
Elle veut rejoindre des amis de Nice à Lyon,Nice,Lyon
Il prévoit de voyager de Toulouse à Bordeaux,Toulouse,Bordeaux
Je pars de Rennes pour visiter Marseille,Rennes,Marseille
Elle prévoit un trajet de Lyon à Paris,Lyon,Paris
Nous avons réservé un billet de Marseille à Nice,Marseille,Nice
Il cherche un itinéraire de Bordeaux à Toulouse,Bordeaux,Toulouse
Elle veut rejoindre ses amis de Lille à Rennes,Lille,Rennes
Nous prévoyons de partir de Paris pour visiter Lyon,Paris,Lyon
Elle prend un vol de Nice à Strasbourg,Nice,Strasbourg
Je dois aller de Marseille à Bordeaux,Marseille,Bordeaux
Il veut un billet de train de Rennes à Toulouse,Rennes,Toulouse
Elle prévoit de voyager de Lyon à Marseille demain,Lyon,Marseille
Nous cherchons un vol de Paris à Nice,Paris,Nice
Elle prévoit un trajet de Bordeaux à Rennes,Bordeaux,Rennes
Nous partons demain de Toulouse à Lille,Toulouse,Lille
Il prend un billet pour un trajet de Paris à Strasbourg,Paris,Strasbourg
Elle prévoit un voyage de Marseille à Lyon,Marseille,Lyon
Je cherche un itinéraire de train de Bordeaux à Paris,Bordeaux,Paris
Nous avons un billet pour un trajet de Lille à Marseille,Lille,Marseille
Elle veut voyager de Rennes à Toulouse,Rennes,Toulouse
Il prévoit de partir de Paris pour un événement à Nice,Paris,Nice
Elle prend un vol de Bordeaux à Lyon,Bordeaux,Lyon
Nous avons réservé un billet de Marseille à Strasbourg,Marseille,Strasbourg
Elle prévoit de partir de Lille à Paris,Lille,Paris
Je cherche un vol de Toulouse à Rennes,Toulouse,Rennes
Nous partons en train de Bordeaux à Lyon,Bordeaux,Lyon
Elle veut prendre un vol de Nice à Toulouse,Nice,Toulouse
Il prévoit de rejoindre des amis de Paris à Bordeaux,Paris,Bordeaux
Nous avons réservé un billet de Lyon à Nice,Lyon,Nice
Elle veut partir de Marseille pour un séjour à Strasbourg,Marseille,Strasbourg
Je cherche un billet de train de Lille à Rennes,Lille,Rennes
Nous prévoyons de prendre le bus de Paris à Marseille,Paris,Marseille
Elle prévoit un trajet de Bordeaux à Toulouse,Bordeaux,Toulouse
Il part de Nice pour un événement à Lyon,Nice,Lyon
Elle prend un billet pour un trajet de Rennes à Bordeaux,Rennes,Bordeaux
Nous réservons un vol de Paris à Strasbourg,Paris,Strasbourg
Il cherche un itinéraire de Marseille à Nice,Marseille,Nice
Elle veut partir de Toulouse pour un séjour à Lille,Toulouse,Lille
Nous prévoyons de voyager de Rennes à Paris,Rennes,Paris
Elle prend un vol de Bordeaux à Marseille,Bordeaux,Marseille
Je prévois de partir de Lyon pour visiter Toulouse,Lyon,Toulouse
Elle veut rejoindre des collègues de Nice à Paris,Nice,Paris
Nous cherchons un vol de Lille à Bordeaux,Lille,Bordeaux
Il prévoit de voyager de Marseille à Lyon,Marseille,Lyon
Elle prend un billet de train de Rennes à Toulouse,Rennes,Toulouse
Nous avons un trajet de Paris à Nice prévu,Paris,Nice
Il prévoit un voyage de Marseille à Rennes,Marseille,Rennes
Elle prend un billet pour un trajet de Lille à Lyon,Lille,Lyon
Nous avons un vol de Bordeaux à Toulouse,Bordeaux,Toulouse
Elle veut rejoindre des amis de Paris à Marseille,Paris,Marseille
Il cherche un itinéraire de Lyon à Strasbourg,Lyon,Strasbourg
Elle prévoit de prendre le train de Rennes à Bordeaux,Rennes,Bordeaux
Nous partons en train de Toulouse à Nice,Toulouse,Nice
Elle veut prendre un billet de Marseille à Paris,Marseille,Paris
Il prévoit de partir de Lille pour visiter Lyon,Lille,Lyon
Elle prend un avion de Bordeaux à Strasbourg,Bordeaux,Strasbourg
Nous avons réservé un billet de Paris à Nice,Paris,Nice
Elle part de Rennes pour un séjour à Toulouse,Rennes,Toulouse
Il cherche un vol de Marseille à Lyon,Marseille,Lyon
Elle prévoit de voyager de Bordeaux à Paris,Bordeaux,Paris
Nous réservons un vol de Lille à Marseille,Lille,Marseille
Elle veut partir de Toulouse pour un événement à Rennes,Toulouse,Rennes
Nous prévoyons un trajet de Nice à Lyon,Nice,Lyon
Elle prend un billet pour un voyage de Paris à Bordeaux,Paris,Bordeaux
Il prévoit de rejoindre des amis de Marseille à Nice,Marseille,Nice
Elle veut voyager de Lille à Toulouse,Lille,Toulouse
Nous avons un vol de Rennes à Lyon,Rennes,Lyon
Elle prend un billet pour un trajet de Bordeaux à Strasbourg,Bordeaux,Strasbourg
Nous cherchons un vol de Paris à Toulouse,Paris,Toulouse
Elle prévoit de partir de Marseille pour visiter Rennes,Marseille,Rennes
Il prend un avion de Lyon à Lille,Lyon,Lille
Elle prévoit de voyager de Nice à Paris,Nice,Paris
Nous partons en train de Bordeaux à Marseille,Bordeaux,Marseille
Elle prend un vol pour un trajet de Toulouse à Strasbourg,Toulouse,Strasbourg
Nous avons réservé un billet de Lille à Rennes,Lille,Rennes
Elle veut voyager de Marseille à Lyon,Marseille,Lyon
Il cherche un itinéraire de Paris à Bordeaux,Paris,Bordeaux
Elle prend un billet pour un trajet de Rennes à Nice,Rennes,Nice
Nous avons un vol de Toulouse à Lille,Toulouse,Lille
Elle veut rejoindre des amis de Lyon à Marseille,Lyon,Marseille
Nous cherchons un vol de Bordeaux à Paris,Bordeaux,Paris
Elle part de Nice pour un séjour à Lyon,Nice,Lyon
Nous prévoyons de partir de Rennes pour visiter Bordeaux,Rennes,Bordeaux
Elle prend un billet de train pour un trajet de Toulouse à Paris,Toulouse,Paris
Nous avons réservé un vol de Lille à Lyon,Lille,Lyon
Elle veut voyager de Marseille à Bordeaux,Marseille,Bordeaux
Il prévoit un trajet de Paris à Rennes,Paris,Rennes
Elle prend un avion pour un voyage de Nice à Toulouse,Nice,Toulouse
Nous partons en train de Bordeaux à Lyon,Bordeaux,Lyon
Elle prévoit de voyager de Lille à Strasbourg,Lille,Strasbourg
Nous avons réservé un billet de Paris à Marseille,Paris,Marseille
Elle veut rejoindre ses collègues de Rennes à Bordeaux,Rennes,Bordeaux
Nous cherchons un vol de Toulouse à Lyon,Toulouse,Lyon
Elle partira de Nice pour un événement à Bordeaux,Nice,Bordeaux
Il prévoit un trajet de Lille à Paris,Lille,Paris
Elle prend un billet pour un voyage de Marseille à Toulouse,Marseille,Toulouse
Nous avons un vol de Rennes à Nice,Rennes,Nice
Elle prévoit de rejoindre des amis de Paris à Lyon,Paris,Lyon
Nous prévoyons de partir de Bordeaux pour visiter Marseille,Bordeaux,Marseille
Elle prend un billet de train pour un trajet de Toulouse à Rennes,Toulouse,Rennes
Nous avons réservé un vol de Lille à Marseille,Lille,Marseille
Elle veut voyager de Lyon à Paris,Lyon,Paris
Il prévoit un trajet de Rennes à Strasbourg,Rennes,Strasbourg
Elle prend un avion pour un voyage de Bordeaux à Lille,Bordeaux,Lille
Nous partons en train de Nice à Toulouse,Nice,Toulouse
Elle prévoit de voyager de Paris à Bordeaux,Paris,Bordeaux
Nous avons réservé un billet de Marseille à Lyon,Marseille,Lyon
Elle veut rejoindre des collègues de Toulouse à Rennes,Toulouse,Rennes
Nous cherchons un vol de Lille à Nice,Lille,Nice
Elle partira de Lyon pour un événement à Bordeaux,Lyon,Bordeaux
Nous prévoyons de partir de Rennes pour visiter Paris,Rennes,Paris
Elle prend un billet de train pour un trajet de Toulouse à Strasbourg,Toulouse,Strasbourg
Nous avons un vol de Bordeaux à Marseille,Bordeaux,Marseille
Elle veut voyager de Nice à Rennes,Nice,Rennes
Il prévoit un trajet de Paris à Lille,Paris,Lille
Elle prend un avion pour un voyage de Marseille à Lyon,Marseille,Lyon
Nous partons en train de Toulouse à Bordeaux,Toulouse,Bordeaux
Elle prévoit de voyager de Rennes à Nice,Rennes,Nice
Nous avons réservé un billet de Lyon à Paris,Lyon,Paris
Elle veut rejoindre des collègues de Bordeaux à Marseille,Bordeaux,Marseille
Nous cherchons un vol de Lille à Rennes,Lille,Rennes
Elle partira de Nice pour un événement à Toulouse,Nice,Toulouse
Nous prévoyons de partir de Paris pour visiter Lyon,Paris,Lyon
Elle prend un billet de train pour un trajet de Bordeaux à Nice,Bordeaux,Nice
Nous avons un vol de Marseille à Lille,Marseille,Lille
Elle veut voyager de Toulouse à Strasbourg,Toulouse,Strasbourg
Il prévoit un trajet de Rennes à Paris,Rennes,Paris
Elle prend un avion pour un voyage de Lyon à Marseille,Lyon,Marseille
Nous partons en train de Bordeaux à Lille,Bordeaux,Lille
Elle prévoit de voyager de Nice à Toulouse,Nice,Toulouse
Nous avons réservé un billet de Paris à Rennes,Paris,Rennes
Elle veut rejoindre des amis de Marseille à Lyon,Marseille,Lyon
Nous cherchons un vol de Toulouse à Nice,Toulouse,Nice
Elle partira de Bordeaux pour un événement à Lyon,Bordeaux,Lyon
Nous prévoyons de partir de Lille pour visiter Paris,Lille,Paris
Elle prend un billet de train pour un trajet de Marseille à Bordeaux,Marseille,Bordeaux
Nous avons un vol de Rennes à Strasbourg,Rennes,Strasbourg
Elle veut voyager de Nice à Lille,Nice,Lille
Il prévoit un trajet de Paris à Marseille,Paris,Marseille
Elle prend un avion pour un voyage de Toulouse à Bordeaux,Toulouse,Bordeaux
Nous partons en train de Lyon à Nice,Lyon,Nice
Elle prévoit de voyager de Lille à Paris,Lille,Paris
Nous avons réservé un billet de Rennes à Marseille,Rennes,Marseille
Elle veut rejoindre des collègues de Bordeaux à Lyon,Bordeaux,Lyon
Nous cherchons un vol de Toulouse à Lille,Toulouse,Lille
Elle partira de Nice pour un événement à Paris,Nice,Paris
Nous prévoyons de partir de Marseille pour visiter Rennes,Marseille,Rennes
Elle prend un billet de train pour un trajet de Bordeaux à Lyon,Bordeaux,Lyon
Nous avons un vol de Lille à Nice,Lille,Nice
Elle veut voyager de Toulouse à Bordeaux,Toulouse,Bordeaux
Il prévoit un trajet de Paris à Strasbourg,Paris,Strasbourg
Elle prend un avion pour un voyage de Rennes à Lyon,Rennes,Lyon
Nous partons en train de Marseille à Lille,Marseille,Lille
Elle prévoit de voyager de Nice à Paris,Nice,Paris
Nous avons réservé un billet de Lyon à Rennes,Lyon,Rennes
Elle veut rejoindre des amis de Bordeaux à Marseille,Bordeaux,Marseille
Nous cherchons un vol de Toulouse à Paris,Toulouse,Paris
Elle partira de Nice pour un événement à Lyon,Nice,Lyon
Nous prévoyons de partir de Marseille pour visiter Lille,Marseille,Lille
Elle prend un billet de train pour un trajet de Bordeaux à Strasbourg,Bordeaux,Strasbourg
Nous avons un vol de Lille à Lyon,Lille,Lyon
Elle veut voyager de Toulouse à Rennes,Toulouse,Rennes
Il prévoit un trajet de Paris à Bordeaux,Paris,Bordeaux
Elle prend un avion pour un voyage de Nice à Lyon,Nice,Lyon
Nous partons en train de Marseille à Paris,Marseille,Paris
Elle prévoit de voyager de Rennes à Strasbourg,Rennes,Strasbourg
Nous avons réservé un billet de Lyon à Lille,Lyon,Lille
Elle veut rejoindre des amis de Bordeaux à Paris,Bordeaux,Paris
Nous cherchons un vol de Toulouse à Marseille,Toulouse,Marseille
Elle partira de Nice pour un événement à Lille,Nice,Lille
Nous prévoyons de partir de Paris pour visiter Bordeaux,Paris,Bordeaux
Elle prend un billet de train pour un trajet de Marseille à Rennes,Marseille,Rennes
Nous avons un vol de Lille à Strasbourg,Lille,Strasbourg
Elle veut voyager de Toulouse à Lyon,Toulouse,Lyon
Il prévoit un trajet de Nice à Bordeaux,Nice,Bordeaux
Elle prend un avion pour un voyage de Rennes à Toulouse,Rennes,Toulouse
Nous partons en train de Paris à Lyon,Paris,Lyon
Elle prévoit de voyager de Marseille à Lille,Marseille,Lille
Nous avons réservé un billet de Bordeaux à Paris,Bordeaux,Paris
Elle veut rejoindre des amis de Lyon à Nice,Lyon,Nice
Nous cherchons un vol de Lille à Marseille,Lille,Marseille
Elle partira de Toulouse pour un événement à Paris,Toulouse,Paris
"Je passe la journée à Bayonne, retour à Pau ensuite",Bayonne,Pau
"Je suis en déplacement à Orléans, retour à Blois demain",Orléans,Blois
"En visite à Chartres, retour prévu à Dreux ce soir",Chartres,Dreux
"Je suis à Rennes pour une conférence, retour prévu à Saint-Malo demain",Rennes,Saint-Malo
"Je suis en vacances à Saint-Nazaire, retour à Nantes ensuite",Saint-Nazaire,Nantes
"En visite à Ajaccio, retour prévu à Bastia",Ajaccio,Bastia
"Actuellement à Amiens pour le travail, retour prévu à Beauvais ensuite",Amiens,Beauvais
"Je passe quelques jours à Toulon, retour prévu à Marseille",Toulon,Marseille
"Je suis en déplacement à Thionville, retour prévu à Metz demain",Thionville,Metz
"En vacances à Narbonne, retour prévu à Carcassonne",Narbonne,Carcassonne
"Je suis à Alençon pour le travail, retour prévu à Argentan ensuite",Alençon,Argentan
"En visite à Montauban, retour à Toulouse demain",Montauban,Toulouse
"Je suis en déplacement à Lannion, retour à Morlaix prévu demain",Lannion,Morlaix
"Actuellement en visite à Poitiers, je rentre à Niort ensuite",Poitiers,Niort
"Je suis en déplacement à Besançon, retour prévu à Dole",Besançon,Dole
"Je suis à Lorient pour quelques jours, retour prévu à Vannes",Lorient,Vannes
"En visite à Mulhouse, retour prévu à Colmar ce soir",Mulhouse,Colmar
"Je passe quelques jours à Lille, retour prévu à Roubaix",Lille,Roubaix
"Je suis en vacances à Arles, retour prévu à Nîmes",Arles,Nîmes
"Je suis en visite à Vichy, retour prévu à Moulins demain",Vichy,Moulins
"En déplacement à Périgueux, retour à Bergerac",Périgueux,Bergerac
"Je suis à Tarbes pour le travail, retour à Pau prévu demain",Tarbes,Pau
"En visite à Toulon, retour prévu à Marseille ce soir",Toulon,Marseille
"Actuellement à Paris pour une réunion, retour prévu à Versailles",Paris,Versailles
"Je passe la semaine à Rouen, retour prévu à Caen",Rouen,Caen
"Je suis en déplacement à Thonon-les-Bains, retour à Annecy",Thonon-les-Bains,Annecy
"Je suis en vacances à Avignon, retour à Aix-en-Provence",Avignon,Aix-en-Provence
"En déplacement à Troyes, retour à Sens",Troyes,Sens
"Je suis à Saint-Malo pour quelques jours, retour prévu à Rennes",Saint-Malo,Rennes
"Actuellement à Reims pour le travail, retour à Châlons",Reims,Châlons
"En visite à Pau, retour prévu à Tarbes demain",Pau,Tarbes
"Je suis en vacances à Saint-Quentin, retour prévu à Laon",Saint-Quentin,Laon
"Je passe quelques jours à Le Havre, retour à Rouen ensuite",Le Havre,Rouen
"Je suis en déplacement à Bayonne, retour prévu à Pau",Bayonne,Pau
"En vacances à Nancy, retour prévu à Metz",Nancy,Metz
"Je suis à Bourges pour le travail, retour prévu à Vierzon",Bourges,Vierzon
"En visite à Tours, retour prévu à Blois",Tours,Blois
"Actuellement en visite à Ajaccio, retour prévu à Bastia",Ajaccio,Bastia
"Je suis à Quimper pour quelques jours, retour prévu à Brest",Quimper,Brest
"En vacances à Toulouse, retour prévu à Albi",Toulouse,Albi
"En visite à Limoges, retour à Brive",Limoges,Brive
"Je suis en déplacement à Châteauroux, retour à Bourges",Châteauroux,Bourges
"Je passe la semaine à Orléans, retour prévu à Blois",Orléans,Blois
"Je suis à Lorient pour une conférence, retour prévu à Vannes",Lorient,Vannes
"En vacances à La Rochelle, retour prévu à Rochefort",La Rochelle,Rochefort
"Je suis en déplacement à Calais, retour à Boulogne-sur-Mer",Calais,Boulogne-sur-Mer
"Actuellement en visite à Metz, retour à Nancy",Metz,Nancy
"Je suis en vacances à Angoulême, retour prévu à Cognac",Angoulême,Cognac
"En visite à Perpignan, retour à Narbonne",Perpignan,Narbonne
"Je passe la journée à Brest, retour à Morlaix",Brest,Morlaix
"Je suis en déplacement à Dieppe, retour à Rouen",Dieppe,Rouen
"Actuellement en visite à Chambéry, retour à Grenoble",Chambéry,Grenoble
"En vacances à Brive, retour à Tulle",Brive,Tulle
"Je suis en déplacement à Annemasse, retour à Thonon-les-Bains",Annemasse,Thonon-les-Bains
"Actuellement en visite à Cannes, retour à Nice",Cannes,Nice
"Je passe la semaine à Montluçon, retour prévu à Moulins",Montluçon,Moulins
"Je suis à Mulhouse pour le travail, retour prévu à Colmar",Mulhouse,Colmar
"En visite à Dijon, retour prévu à Beaune",Dijon,Beaune
"Je suis à Alès pour quelques jours, retour à Nîmes",Alès,Nîmes
"En déplacement à Évreux, retour à Rouen",Évreux,Rouen
"Actuellement en visite à Lens, retour à Arras",Lens,Arras
"En vacances à Agen, retour prévu à Marmande",Agen,Marmande
"Je suis à Angers pour le travail, retour à Saumur",Angers,Saumur
"Je suis en déplacement à Morlaix, retour prévu à Brest",Morlaix,Brest
"En visite à Albi, retour prévu à Castres",Albi,Castres
"Je suis en vacances à Cognac, retour à Angoulême",Cognac,Angoulême
"Je passe quelques jours à Tulle, retour à Brive",Tulle,Brive
"Je suis en déplacement à Mende, retour à Rodez",Mende,Rodez
"En vacances à Saintes, retour prévu à Rochefort",Saintes,Rochefort
"Je suis à Pontoise pour une réunion, retour à Cergy",Pontoise,Cergy
"Je suis en déplacement à Montargis, retour à Orléans",Montargis,Orléans
"En visite à Laon, retour prévu à Reims",Laon,Reims
"Je suis en vacances à Bergerac, retour à Périgueux",Bergerac,Périgueux
"Je passe la journée à Meaux, retour à Melun",Meaux,Melun
"En déplacement à Guéret, retour à La Souterraine",Guéret,La Souterraine
"Actuellement en visite à Tarascon, retour à Avignon",Tarascon,Avignon
"Je suis en vacances à Draguignan, retour à Fréjus",Draguignan,Fréjus
"En visite à Saint-Lô, retour à Coutances",Saint-Lô,Coutances
"Actuellement à Oyonnax, retour prévu à Bourg-en-Bresse",Oyonnax,Bourg-en-Bresse
"Je suis à Sète pour une conférence, retour prévu à Montpellier",Sète,Montpellier
"En visite à Alès, retour à Nîmes",Alès,Nîmes
"Je passe quelques jours à Châlons, retour à Reims",Châlons,Reims
"Je suis en déplacement à Montélimar, retour à Valence",Montélimar,Valence
"Je suis en vacances à Figeac, retour à Cahors",Figeac,Cahors
"Je passe la semaine à Maubeuge, retour à Valenciennes",Maubeuge,Valenciennes
"En visite à Saint-Malo, retour à Rennes",Saint-Malo,Rennes
"Actuellement en visite à Aurillac, retour à Figeac",Aurillac,Figeac
"Je suis en déplacement à Lisieux, retour à Caen",Lisieux,Caen
"En vacances à Abbeville, retour à Amiens",Abbeville,Amiens
"Je suis à Épinal pour quelques jours, retour à Nancy",Épinal,Nancy
"Actuellement à Villeneuve-sur-Lot, retour à Agen",Villeneuve-sur-Lot,Agen
"Je suis en déplacement à Haguenau, retour à Strasbourg",Haguenau,Strasbourg
"Je passe quelques jours à Auxerre, retour à Sens",Auxerre,Sens
"Je suis en vacances à Issoire, retour à Clermont-Ferrand",Issoire,Clermont-Ferrand
"Je passe quelques jours à Saint-Omer, retour à Dunkerque","Saint-Omer","Dunkerque"
"Je suis en vacances à Lannion, retour à Morlaix","Lannion","Morlaix"
"En déplacement pour le boulot à Amiens, mais je rentre à Beauvais ensuite","Amiens","Beauvais"
"Actuellement chez un ami à Dijon, retour prévu à Mâcon demain","Dijon","Mâcon"
"Je passe quelques jours à Marseille avant de retourner sur Arles","Marseille","Arles"
"Je suis en visite à Lyon, mais je prévois de rentrer sur Villeurbanne","Lyon","Villeurbanne"
"Je suis en déplacement à Pau, je rentre à Tarbes ensuite","Pau","Tarbes"
"Actuellement en visite à Rennes, retour à Saint-Brieuc ce soir","Rennes","Saint-Brieuc"
"Je suis à Grenoble pour quelques jours, retour prévu à Chambéry ensuite","Grenoble","Chambéry"
"En déplacement à Tours, je compte rentrer à Blois","Tours","Blois"
"Je suis à Nice pour le travail, retour prévu à Menton demain","Nice","Menton"
"Je passe quelques jours à Toulon, retour prévu à Marseille après-demain","Toulon","Marseille"
"Je reste à Paris pour le moment, mais je rentre à Versailles bientôt","Paris","Versailles"
"En visite à La Rochelle, retour à Rochefort ce week-end","La Rochelle","Rochefort"
"Je suis à Nantes pour une réunion, retour à Angers ensuite","Nantes","Angers"
"En vacances à Strasbourg, retour à Colmar demain","Strasbourg","Colmar"
"Je suis en visite à Nîmes, retour prévu à Avignon ce soir","Nîmes","Avignon"
"En déplacement à Poitiers, je rentre à Niort ensuite","Poitiers","Niort"
"Je suis en vacances à Bordeaux, retour à Arcachon ensuite","Bordeaux","Arcachon"
"En visite à Lille, retour prévu à Dunkerque ce soir","Lille","Dunkerque"
"Actuellement à Limoges, je prévois de rentrer à Brive demain","Limoges","Brive"
"Je suis à Rouen pour quelques jours, retour prévu à Caen ce soir","Rouen","Caen"
"En visite à Dijon, retour à Chalon-sur-Saône prévu demain","Dijon","Chalon-sur-Saône"
"Je suis en déplacement à Amiens, retour prévu à Beauvais ce soir","Amiens","Beauvais"
"Je passe la journée à Perpignan, retour prévu à Carcassonne","Perpignan","Carcassonne"
"Je suis à Albi pour une conférence, retour à Castres ensuite","Albi","Castres"
"En vacances à Cannes, retour prévu à Nice demain","Cannes","Nice"
"Je suis en visite à Lyon, retour prévu à Grenoble","Lyon","Grenoble"
"En déplacement à Saint-Étienne, je rentre à Lyon demain","Saint-Étienne","Lyon"
"Je suis en visite à Metz, retour prévu à Nancy ce soir","Metz","Nancy"
"Actuellement en visite à Mont-de-Marsan, je rentre à Dax ensuite","Mont-de-Marsan","Dax"
"Je suis en déplacement à Lorient, retour prévu à Vannes ce soir","Lorient","Vannes"
"En visite à Reims, retour prévu à Châlons demain","Reims","Châlons"
"Je passe quelques jours à Nevers, retour à Moulins ensuite","Nevers","Moulins"
"Je suis en vacances à Bastia, retour prévu à Ajaccio demain","Bastia","Ajaccio"
"Je reste à Pau pour l’instant, retour prévu à Tarbes ce soir","Pau","Tarbes"
"En visite à Charleville-Mézières, retour prévu à Sedan demain","Charleville-Mézières","Sedan"
"Je suis à Clermont-Ferrand pour le travail, retour prévu à Moulins ensuite","Clermont-Ferrand","Moulins"
"Actuellement en déplacement à Tours, retour prévu à Blois ce soir","Tours","Blois"
"Je suis en visite à Bourges, retour prévu à Vierzon demain","Bourges","Vierzon"
"Je passe la journée à Bayonne, retour à Pau ensuite","Bayonne","Pau"
"Je suis en déplacement à Orléans, retour à Blois demain","Orléans","Blois"
"En visite à Chartres, retour prévu à Dreux ce soir","Chartres","Dreux"
"Je suis à Rennes pour une conférence, retour prévu à Saint-Malo demain","Rennes","Saint-Malo"
"Je suis en vacances à Saint-Nazaire, retour à Nantes ensuite","Saint-Nazaire","Nantes"
"En visite à Ajaccio, retour prévu à Bastia","Ajaccio","Bastia"
"Actuellement à Amiens pour le travail, retour prévu à Beauvais ensuite","Amiens","Beauvais"
"Je passe quelques jours à Toulon, retour prévu à Marseille","Toulon","Marseille"
"Je suis en déplacement à Thionville, retour prévu à Metz demain","Thionville","Metz"
"En vacances à Narbonne, retour prévu à Carcassonne","Narbonne","Carcassonne"
"Je suis à Alençon pour le travail, retour prévu à Argentan ensuite","Alençon","Argentan"
"En visite à Montauban, retour à Toulouse demain","Montauban","Toulouse"
"Je suis en déplacement à Lannion, retour à Morlaix prévu demain","Lannion","Morlaix"
"Actuellement en visite à Poitiers, je rentre à Niort ensuite","Poitiers","Niort"
"Je suis en déplacement à Besançon, retour prévu à Dole","Besançon","Dole"
"Je suis à Lorient pour quelques jours, retour prévu à Vannes","Lorient","Vannes"
"En visite à Mulhouse, retour prévu à Colmar ce soir","Mulhouse","Colmar"
"Je passe quelques jours à Lille, retour prévu à Roubaix","Lille","Roubaix"
"Je suis en vacances à Arles, retour prévu à Nîmes","Arles","Nîmes"
"Je suis en visite à Vichy, retour prévu à Moulins demain","Vichy","Moulins"
"En déplacement à Périgueux, retour à Bergerac","Périgueux","Bergerac"
"Je suis à Tarbes pour le travail, retour à Pau prévu demain","Tarbes","Pau"
"En visite à Toulon, retour prévu à Marseille ce soir","Toulon","Marseille"
"Actuellement à Paris pour une réunion, retour prévu à Versailles","Paris","Versailles"
"Je passe la semaine à Rouen, retour prévu à Caen","Rouen","Caen"
"Je suis en déplacement à Thonon-les-Bains, retour à Annecy","Thonon-les-Bains","Annecy"
"Je suis en vacances à Avignon, retour à Aix-en-Provence","Avignon","Aix-en-Provence"
"En déplacement à Troyes, retour à Sens","Troyes","Sens"
"Je suis à Saint-Malo pour quelques jours, retour prévu à Rennes","Saint-Malo","Rennes"
"Actuellement à Reims pour le travail, retour à Châlons","Reims","Châlons"
"En visite à Pau, retour prévu à Tarbes demain","Pau","Tarbes"
"Je suis en vacances à Saint-Quentin, retour prévu à Laon","Saint-Quentin","Laon"
"Je passe quelques jours à Le Havre, retour à Rouen ensuite","Le Havre","Rouen"
"Je suis en déplacement à Bayonne, retour prévu à Pau","Bayonne","Pau"
"En vacances à Nancy, retour prévu à Metz","Nancy","Metz"
"Je suis à Bourges pour le travail, retour prévu à Vierzon","Bourges","Vierzon"
"En visite à Tours, retour prévu à Blois","Tours","Blois"
"Actuellement en visite à Ajaccio, retour prévu à Bastia","Ajaccio","Bastia"
"Je suis à Quimper pour quelques jours, retour prévu à Brest","Quimper","Brest"
"En vacances à Toulouse, retour prévu à Albi","Toulouse","Albi"
"En visite à Limoges, retour à Brive","Limoges","Brive"
"Je suis en déplacement à Châteauroux, retour à Bourges","Châteauroux","Bourges"
"Je passe la semaine à Orléans, retour prévu à Blois","Orléans","Blois"
"Je suis à Lorient pour une conférence, retour prévu à Vannes","Lorient","Vannes"
"En vacances à La Rochelle, retour prévu à Rochefort","La Rochelle","Rochefort"
"Je suis en déplacement à Calais, retour à Boulogne-sur-Mer","Calais","Boulogne-sur-Mer"
"Actuellement en visite à Metz, retour à Nancy","Metz","Nancy"
"Je suis en vacances à Angoulême, retour prévu à Cognac","Angoulême","Cognac"
"En visite à Perpignan, retour à Narbonne","Perpignan","Narbonne"
"Je passe quelques jours à Saint-Omer, retour à Dunkerque","Saint-Omer","Dunkerque"
"Je suis en vacances à Lannion, retour à Morlaix","Lannion","Morlaix"
"En déplacement pour le boulot à Amiens, mais je rentre à Beauvais ensuite","Amiens","Beauvais"
"Actuellement chez un ami à Dijon, retour prévu à Mâcon demain","Dijon","Mâcon"
"Je passe quelques jours à Marseille avant de retourner sur Arles","Marseille","Arles"
"Je suis en visite à Lyon, mais je prévois de rentrer sur Villeurbanne","Lyon","Villeurbanne"
"Je suis en déplacement à Pau, je rentre à Tarbes ensuite","Pau","Tarbes"
"Actuellement en visite à Rennes, retour à Saint-Brieuc ce soir","Rennes","Saint-Brieuc"
"Je suis à Grenoble pour quelques jours, retour prévu à Chambéry ensuite","Grenoble","Chambéry"
"En déplacement à Tours, je compte rentrer à Blois","Tours","Blois"
"Je suis à Nice pour le travail, retour prévu à Menton demain","Nice","Menton"
"Je passe quelques jours à Toulon, retour prévu à Marseille après-demain","Toulon","Marseille"
"Je reste à Paris pour le moment, mais je rentre à Versailles bientôt","Paris","Versailles"
"En visite à La Rochelle, retour à Rochefort ce week-end","La Rochelle","Rochefort"
"Je suis à Nantes pour une réunion, retour à Angers ensuite","Nantes","Angers"
"En vacances à Strasbourg, retour à Colmar demain","Strasbourg","Colmar"
"Je suis en visite à Nîmes, retour prévu à Avignon ce soir","Nîmes","Avignon"
"En déplacement à Poitiers, je rentre à Niort ensuite","Poitiers","Niort"
"Je suis en vacances à Bordeaux, retour à Arcachon ensuite","Bordeaux","Arcachon"
"En visite à Lille, retour prévu à Dunkerque ce soir","Lille","Dunkerque"
"Actuellement à Limoges, je prévois de rentrer à Brive demain","Limoges","Brive"
"Je suis à Rouen pour quelques jours, retour prévu à Caen ce soir","Rouen","Caen"
"En visite à Dijon, retour à Chalon-sur-Saône prévu demain","Dijon","Chalon-sur-Saône"
"Je suis en déplacement à Amiens, retour prévu à Beauvais ce soir","Amiens","Beauvais"
"Je passe la journée à Perpignan, retour prévu à Carcassonne","Perpignan","Carcassonne"
"Je suis à Albi pour une conférence, retour à Castres ensuite","Albi","Castres"
"En vacances à Cannes, retour prévu à Nice demain","Cannes","Nice"
"Je suis en visite à Lyon, retour prévu à Grenoble","Lyon","Grenoble"
"En déplacement à Saint-Étienne, je rentre à Lyon demain","Saint-Étienne","Lyon"
"Je suis en visite à Metz, retour prévu à Nancy ce soir","Metz","Nancy"
"Actuellement en visite à Mont-de-Marsan, je rentre à Dax ensuite","Mont-de-Marsan","Dax"
"Je suis en déplacement à Lorient, retour prévu à Vannes ce soir","Lorient","Vannes"
"En visite à Reims, retour prévu à Châlons demain","Reims","Châlons"
"Je passe quelques jours à Nevers, retour à Moulins ensuite","Nevers","Moulins"
"Je suis en vacances à Bastia, retour prévu à Ajaccio demain","Bastia","Ajaccio"
"Je reste à Pau pour l’instant, retour prévu à Tarbes ce soir","Pau","Tarbes"
"En visite à Charleville-Mézières, retour prévu à Sedan demain","Charleville-Mézières","Sedan"
"Je suis à Clermont-Ferrand pour le travail, retour prévu à Moulins ensuite","Clermont-Ferrand","Moulins"
"Actuellement en déplacement à Tours, retour prévu à Blois ce soir","Tours","Blois"
"Je suis en visite à Bourges, retour prévu à Vierzon demain","Bourges","Vierzon"
"Je passe la journée à Bayonne, retour à Pau ensuite","Bayonne","Pau"
"Je suis en déplacement à Orléans, retour à Blois demain","Orléans","Blois"
"En visite à Chartres, retour prévu à Dreux ce soir","Chartres","Dreux"
"Je suis à Rennes pour une conférence, retour prévu à Saint-Malo demain","Rennes","Saint-Malo"
"Je suis en vacances à Saint-Nazaire, retour à Nantes ensuite","Saint-Nazaire","Nantes"
"En visite à Ajaccio, retour prévu à Bastia","Ajaccio","Bastia"
"Actuellement à Amiens pour le travail, retour prévu à Beauvais ensuite","Amiens","Beauvais"
"Je passe quelques jours à Toulon, retour prévu à Marseille","Toulon","Marseille"
"Je suis en déplacement à Thionville, retour prévu à Metz demain","Thionville","Metz"
"En vacances à Narbonne, retour prévu à Carcassonne","Narbonne","Carcassonne"
"Je suis à Alençon pour le travail, retour prévu à Argentan ensuite","Alençon","Argentan"
"En visite à Montauban, retour à Toulouse demain","Montauban","Toulouse"
"Je suis en déplacement à Lannion, retour à Morlaix prévu demain","Lannion","Morlaix"
"Actuellement en visite à Poitiers, je rentre à Niort ensuite","Poitiers","Niort"
"Je suis en déplacement à Besançon, retour prévu à Dole","Besançon","Dole"
"Je suis à Lorient pour quelques jours, retour prévu à Vannes","Lorient","Vannes"
"En visite à Mulhouse, retour prévu à Colmar ce soir","Mulhouse","Colmar"
"Je passe quelques jours à Lille, retour prévu à Roubaix","Lille","Roubaix"
"Je suis en vacances à Arles, retour prévu à Nîmes","Arles","Nîmes"
"Je suis en visite à Vichy, retour prévu à Moulins demain","Vichy","Moulins"
"En déplacement à Périgueux, retour à Bergerac","Périgueux","Bergerac"
"Je suis à Tarbes pour le travail, retour à Pau prévu demain","Tarbes","Pau"
"En visite à Toulon, retour prévu à Marseille ce soir","Toulon","Marseille"
"Actuellement à Paris pour une réunion, retour prévu à Versailles","Paris","Versailles"
"Je passe la semaine à Rouen, retour prévu à Caen","Rouen","Caen"
"Je suis en déplacement à Thonon-les-Bains, retour à Annecy","Thonon-les-Bains","Annecy"
"Je suis en vacances à Avignon, retour à Aix-en-Provence","Avignon","Aix-en-Provence"
"En déplacement à Troyes, retour à Sens","Troyes","Sens"
"Je suis à Saint-Malo pour quelques jours, retour prévu à Rennes","Saint-Malo","Rennes"
"Actuellement à Reims pour le travail, retour à Châlons","Reims","Châlons"
"En visite à Pau, retour prévu à Tarbes demain","Pau","Tarbes"
"Je suis en vacances à Saint-Quentin, retour prévu à Laon","Saint-Quentin","Laon"
"Je passe quelques jours à Le Havre, retour à Rouen ensuite","Le Havre","Rouen"
"Je suis en déplacement à Bayonne, retour prévu à Pau","Bayonne","Pau"
"En vacances à Nancy, retour prévu à Metz","Nancy","Metz"
"Je suis à Bourges pour le travail, retour prévu à Vierzon","Bourges","Vierzon"
"En visite à Tours, retour prévu à Blois","Tours","Blois"
"Actuellement en visite à Ajaccio, retour prévu à Bastia","Ajaccio","Bastia"
"Je suis à Quimper pour quelques jours, retour prévu à Brest","Quimper","Brest"
"En vacances à Toulouse, retour prévu à Albi","Toulouse","Albi"
"En visite à Limoges, retour à Brive","Limoges","Brive"
"Je suis en déplacement à Châteauroux, retour à Bourges","Châteauroux","Bourges"
"Je passe la semaine à Orléans, retour prévu à Blois","Orléans","Blois"
"Je suis à Lorient pour une conférence, retour prévu à Vannes","Lorient","Vannes"
"En vacances à La Rochelle, retour prévu à Rochefort","La Rochelle","Rochefort"
"Je suis en déplacement à Calais, retour à Boulogne-sur-Mer","Calais","Boulogne-sur-Mer"
"Actuellement en visite à Metz, retour à Nancy","Metz","Nancy"
"Je suis en vacances à Angoulême, retour prévu à Cognac","Angoulême","Cognac"
"En visite à Perpignan, retour à Narbonne","Perpignan","Narbonne"
"Je passe quelques jours à Saint-Omer, retour à Dunkerque","Saint-Omer","Dunkerque"
"Je suis en vacances à Lannion, retour à Morlaix","Lannion","Morlaix"
"En déplacement pour le boulot à Amiens, mais je rentre à Beauvais ensuite","Amiens","Beauvais"
"Actuellement chez un ami à Dijon, retour prévu à Mâcon demain","Dijon","Mâcon"
"Je passe quelques jours à Marseille avant de retourner sur Arles","Marseille","Arles"
"Je suis en visite à Lyon, mais je prévois de rentrer sur Villeurbanne","Lyon","Villeurbanne"
"Je suis en déplacement à Pau, je rentre à Tarbes ensuite","Pau","Tarbes"
"Je suis en déplacement à Brest, retour à Lorient demain",Brest,Lorient
"Je passe quelques jours à Nice, retour à Cannes ensuite",Nice,Cannes
"En vacances à Menton, retour à Nice prévu demain",Menton,Nice
"Je suis à Limoges pour le travail, retour prévu à Angoulême",Limoges,Angoulême
"En visite à Calais, retour prévu à Dunkerque",Calais,Dunkerque
"Je suis à Reims pour une conférence, retour à Épernay ensuite",Reims,Épernay
"En déplacement à Thonon-les-Bains, retour prévu à Chambéry",Thonon-les-Bains,Chambéry
"Je passe quelques jours à Cahors, retour à Figeac ensuite",Cahors,Figeac
"Je suis en visite à Valence, retour prévu à Montélimar",Valence,Montélimar
"En vacances à Fréjus, retour à Toulon ensuite",Fréjus,Toulon
"Actuellement à Ajaccio, retour prévu à Calvi",Ajaccio,Calvi
"Je suis en déplacement à Rodez, retour prévu à Aurillac",Rodez,Aurillac
"En visite à Digne-les-Bains, retour prévu à Manosque",Digne-les-Bains,Manosque
"Je suis à Saint-Brieuc pour une réunion, retour à Lorient demain",Saint-Brieuc,Lorient
"En déplacement pour le travail à Béziers, retour prévu à Narbonne",Béziers,Narbonne
"Je passe la semaine à Vesoul, retour prévu à Luxeuil-les-Bains",Vesoul,Luxeuil-les-Bains
"Je suis en vacances à Évreux, retour prévu à Vernon",Évreux,Vernon
"En visite à Troyes, retour à Chaumont ensuite",Troyes,Chaumont
"Je suis à Bourg-en-Bresse pour le travail, retour à Lyon ensuite",Bourg-en-Bresse,Lyon
"En déplacement à Dreux, retour prévu à Chartres",Dreux,Chartres
"Je suis à Saint-Étienne pour une conférence, retour à Clermont-Ferrand",Saint-Étienne,Clermont-Ferrand
"En vacances à Nîmes, retour prévu à Montpellier",Nîmes,Montpellier
"Je suis en déplacement à Chambéry, retour à Annecy ensuite",Chambéry,Annecy
"En visite à Périgueux, retour à Bergerac demain",Périgueux,Bergerac
"Actuellement à Vannes, retour prévu à Lorient",Vannes,Lorient
"Je passe quelques jours à Charleville-Mézières, retour prévu à Sedan",Charleville-Mézières,Sedan
"Je suis à Perpignan pour une conférence, retour à Narbonne ensuite",Perpignan,Narbonne
"En déplacement à Pau, retour prévu à Bayonne",Pau,Bayonne
"Je suis à Roanne pour le travail, retour prévu à Lyon",Roanne,Lyon
"En vacances à Saint-Nazaire, retour à La Baule",Saint-Nazaire,La Baule
"En visite à Morlaix, retour prévu à Saint-Brieuc",Morlaix,Saint-Brieuc
"Je passe quelques jours à Vichy, retour prévu à Clermont-Ferrand",Vichy,Clermont-Ferrand
"Actuellement en visite à Orléans, retour à Blois ensuite",Orléans,Blois
"Je suis en déplacement à Besançon, retour à Dole",Besançon,Dole
"En vacances à Ajaccio, retour prévu à Porto-Vecchio",Ajaccio,Porto-Vecchio
"Je passe la journée à Douai, retour prévu à Lille",Douai,Lille
"Je suis en visite à Foix, retour à Pamiers ensuite",Foix,Pamiers
"En déplacement à Vesoul, retour prévu à Besançon",Vesoul,Besançon
"Actuellement à Caen pour une réunion, retour prévu à Bayeux",Caen,Bayeux
"En vacances à Brest, retour prévu à Quimper",Brest,Quimper
"Je suis en déplacement à Saint-Omer, retour à Boulogne-sur-Mer",Saint-Omer,Boulogne-sur-Mer
"En visite à Agen, retour prévu à Marmande demain",Agen,Marmande
"Je suis à Épinal pour le travail, retour à Nancy",Épinal,Nancy
"Actuellement en déplacement à Saint-Dizier, retour à Vitry-le-François",Saint-Dizier,Vitry-le-François
"Je passe quelques jours à Laval, retour à Mayenne",Laval,Mayenne
"En vacances à Bayonne, retour prévu à Biarritz",Bayonne,Biarritz
"Je suis en déplacement à Thonon-les-Bains, retour à Annecy",Thonon-les-Bains,Annecy
"En visite à Alençon, retour prévu à Le Mans demain",Alençon,Le Mans
"Je suis à Rochefort pour une conférence, retour à La Rochelle ensuite",Rochefort,La Rochelle
"Actuellement à Arras, retour prévu à Douai",Arras,Douai
"Je passe la journée à Albi, retour à Castres",Albi,Castres
"En déplacement à Saint-Malo, retour prévu à Rennes",Saint-Malo,Rennes
"En vacances à Brive, retour prévu à Tulle",Brive,Tulle
"Je suis à Guéret pour le travail, retour prévu à Limoges",Guéret,Limoges
"En visite à Châteauroux, retour à Bourges demain",Châteauroux,Bourges
"Actuellement en déplacement à Laval, retour à Angers",Laval,Angers
"En vacances à Bourges, retour prévu à Vierzon",Bourges,Vierzon
"Je suis en déplacement à Périgueux, retour à Bergerac",Périgueux,Bergerac
"En visite à Cahors, retour prévu à Montauban",Cahors,Montauban
"Je passe quelques jours à Tulle, retour prévu à Brive",Tulle,Brive
"Actuellement en visite à Carcassonne, retour à Narbonne",Carcassonne,Narbonne
"En vacances à Saint-Gaudens, retour prévu à Toulouse",Saint-Gaudens,Toulouse
"Je suis en déplacement à Issoire, retour à Clermont-Ferrand",Issoire,Clermont-Ferrand
"En visite à Montélimar, retour à Valence",Montélimar,Valence
"Actuellement à Saint-Affrique, retour prévu à Millau",Saint-Affrique,Millau
"Je passe quelques jours à Mende, retour à Florac",Mende,Florac
"En vacances à Villeneuve-sur-Lot, retour à Agen",Villeneuve-sur-Lot,Agen
"Je suis à Castres pour une conférence, retour à Albi ensuite",Castres,Albi
"En déplacement à Langres, retour à Chaumont",Langres,Chaumont
"En visite à Oyonnax, retour prévu à Nantua",Oyonnax,Nantua
"Je passe quelques jours à Digne-les-Bains, retour à Sisteron",Digne-les-Bains,Sisteron
"Actuellement en déplacement à Montauban, retour à Cahors",Montauban,Cahors
"Je suis en vacances à Angoulême, retour prévu à Cognac",Angoulême,Cognac
"En visite à Saumur, retour à Tours",Saumur,Tours
"En déplacement à Thionville, retour à Metz",Thionville,Metz
"Actuellement à Albi, retour prévu à Carmaux",Albi,Carmaux
"Je passe quelques jours à Forbach, retour à Metz",Forbach,Metz
"En vacances à Vannes, retour prévu à Auray",Vannes,Auray
"Je suis en déplacement à Pontivy, retour à Vannes",Pontivy,Vannes
"En visite à Sarlat, retour à Bergerac demain",Sarlat,Bergerac
"Actuellement en déplacement à Le Creusot, retour à Chalon-sur-Saône",Le Creusot,Chalon-sur-Saône
"En vacances à Paray-le-Monial, retour à Mâcon",Paray-le-Monial,Mâcon
"Je suis en déplacement à Maubeuge, retour à Lille",Maubeuge,Lille
"En visite à Soissons, retour à Laon demain",Soissons,Laon
"Je passe quelques jours à Montluçon, retour à Moulins",Montluçon,Moulins
"Actuellement en visite à Dax, retour à Bayonne",Dax,Bayonne
"En vacances à Avranches, retour prévu à Saint-Lô",Avranches,Saint-Lô
"Je suis en déplacement à Vierzon, retour à Bourges",Vierzon,Bourges
"En visite à La Flèche, retour prévu à Le Mans",La Flèche,Le Mans
"Je passe quelques jours à Vendôme, retour prévu à Blois",Vendôme,Blois
"En déplacement à Villers-Cotterêts, retour à Soissons",Villers-Cotterêts,Soissons
"Je viens de Lyon, je suis actuellement à Marseille et je veux rentrer chez moi.",Lyon,Marseille
"Je suis originaire de Bordeaux, maintenant en déplacement à Lille, je souhaite rentrer à la maison.",Bordeaux,Lille
"Je suis né à Strasbourg, mais actuellement en vacances à Nice, retour prévu bientôt.",Strasbourg,Nice
"Je vis à Toulouse, actuellement à Paris pour un séminaire, retour à la maison demain.",Toulouse,Paris
"Je suis de Nantes, mais je passe le weekend à Rennes, retour à mon domicile après-demain.",Nantes,Rennes
"Je viens d’Avignon et je suis à Montpellier pour le travail, je rentre chez moi demain soir.",Avignon,Montpellier
"Je suis originaire de Grenoble, actuellement en visite à Lyon, retour prévu chez moi.",Grenoble,Lyon
"Je suis de Metz, en déplacement à Reims, je rentre dès que possible.",Metz,Reims
"Je vis à Dijon, mais je suis actuellement à Besançon et je retourne bientôt chez moi.",Dijon,Besançon
"Je suis né à Angers et en visite à Tours, je prévois de rentrer chez moi demain.",Angers,Tours
"Je viens de Perpignan, actuellement à Toulouse pour un concert, retour chez moi ensuite.",Perpignan,Toulouse
"Je suis de Toulon, en visite à Marseille, je retourne à la maison demain.",Toulon,Marseille
"Je suis originaire de Nancy, actuellement à Metz pour une conférence, retour chez moi demain.",Nancy,Metz
"Je vis à La Rochelle, actuellement à Bordeaux pour quelques jours, je rentre ensuite.",La Rochelle,Bordeaux
"Je suis de Clermont-Ferrand, en déplacement à Lyon, retour prévu chez moi demain.",Clermont-Ferrand,Lyon
"Je viens de Limoges, actuellement à Poitiers pour un séminaire, je retourne à la maison.",Limoges,Poitiers
"Je suis de Bayonne, en vacances à Biarritz, retour chez moi demain.",Bayonne,Biarritz
"Je suis de Pau, actuellement à Tarbes pour une réunion, retour chez moi ensuite.",Pau,Tarbes
"Je vis à Brest, mais je suis en déplacement à Rennes, retour à domicile demain.",Brest,Rennes
"Je viens de La Roche-sur-Yon, actuellement en visite à Nantes, je retourne chez moi ensuite.",La Roche-sur-Yon,Nantes
"Je vis à Lille, mais je passe quelques jours à Dunkerque, retour à domicile bientôt.",Lille,Dunkerque
"Je suis de Nîmes, en déplacement à Montpellier pour une réunion, je rentre après.",Nîmes,Montpellier
"Je suis originaire de Saint-Nazaire, actuellement en vacances à La Baule, retour chez moi ensuite.",Saint-Nazaire,La Baule
"Je suis de Chartres, en visite à Dreux, retour chez moi après-demain.",Chartres,Dreux
"Je suis de Perpignan, mais actuellement à Carcassonne, retour chez moi demain.",Perpignan,Carcassonne
"Je vis à Mulhouse, en déplacement à Colmar, retour prévu chez moi ensuite.",Mulhouse,Colmar
"Je suis de Poitiers, actuellement à Châtellerault pour un rendez-vous, retour chez moi demain.",Poitiers,Châtellerault
"Je suis de Saint-Malo, actuellement en visite à Dinard, retour chez moi prévu demain.",Saint-Malo,Dinard
"Je vis à Versailles, en déplacement à Paris, retour prévu chez moi bientôt.",Versailles,Paris
"Je viens de Rodez, actuellement en déplacement à Millau, retour chez moi demain.",Rodez,Millau
"Je suis de Cannes, en visite à Nice pour quelques jours, retour chez moi prévu.",Cannes,Nice
"Je suis de Thonon-les-Bains, actuellement en visite à Annecy, retour chez moi demain.",Thonon-les-Bains,Annecy
"Je vis à Mende, en déplacement à Florac pour le travail, retour prévu chez moi.",Mende,Florac
"Je suis originaire de Belfort, actuellement à Montbéliard, retour chez moi ensuite.",Belfort,Montbéliard
"Je viens de Sedan, en déplacement à Charleville-Mézières, retour chez moi prévu demain.",Sedan,Charleville-Mézières
"Je suis de Cognac, actuellement en visite à Angoulême, retour prévu chez moi ensuite.",Cognac,Angoulême
"Je vis à Vienne, actuellement en déplacement à Lyon, retour chez moi demain.",Vienne,Lyon
"Je suis de Saumur, en déplacement à Tours pour le travail, retour chez moi ensuite.",Saumur,Tours
"Je suis de Creil, en déplacement à Compiègne, retour prévu chez moi demain.",Creil,Compiègne
"Je vis à Ajaccio, actuellement en visite à Bastia, retour prévu chez moi demain.",Ajaccio,Bastia
"Je viens de Saint-Étienne, actuellement en déplacement à Lyon, retour chez moi prévu demain.",Saint-Étienne,Lyon
"Je suis de Lorient, actuellement en visite à Vannes, retour prévu chez moi ensuite.",Lorient,Vannes
"Je vis à Laval, actuellement en déplacement à Mayenne, retour chez moi prévu.",Laval,Mayenne
"Je suis de Vesoul, actuellement en visite à Belfort, retour chez moi demain.",Vesoul,Belfort
"Je viens de Montluçon, actuellement en déplacement à Moulins, retour chez moi ensuite.",Montluçon,Moulins
"Je vis à Figeac, actuellement en déplacement à Cahors, retour chez moi demain.",Figeac,Cahors
"Je suis de Verdun, actuellement en visite à Bar-le-Duc, retour chez moi demain.",Verdun,Bar-le-Duc
"Je suis originaire de La Flèche, actuellement en déplacement à Angers, retour chez moi.",La Flèche,Angers
"Je suis de Charleville-Mézières, en déplacement à Sedan, retour chez moi ensuite.",Charleville-Mézières,Sedan
"Je suis de Saintes, actuellement en visite à La Rochelle, retour chez moi prévu.",Saintes,La Rochelle
"Je vis à Quimper, actuellement en déplacement à Brest, retour chez moi ensuite.",Quimper,Brest
"Je viens de Bourg-en-Bresse, actuellement à Lyon, retour chez moi demain.",Bourg-en-Bresse,Lyon
"Je vis à Alès, en déplacement à Nîmes pour le travail, retour chez moi demain.",Alès,Nîmes
"Je suis originaire de Tarbes, actuellement en visite à Pau, retour chez moi.",Tarbes,Pau
"Je suis de Dax, en déplacement à Mont-de-Marsan, retour chez moi prévu.",Dax,Mont-de-Marsan
"Je viens de Vannes, actuellement en visite à Lorient, retour chez moi demain.",Vannes,Lorient
"Je vis à Périgueux, actuellement en déplacement à Bergerac, retour chez moi.",Périgueux,Bergerac
"Je suis de Mâcon, en déplacement à Chalon-sur-Saône, retour chez moi demain.",Mâcon,Chalon-sur-Saône
"Je suis de Meaux, actuellement à Melun pour une réunion, retour chez moi demain.",Meaux,Melun
"Je vis à Laon, en déplacement à Soissons, retour chez moi prévu.",Laon,Soissons
"Je suis de La Roche-sur-Yon, actuellement en déplacement à Cholet, retour chez moi.",La Roche-sur-Yon,Cholet
"Je viens de Cherbourg, actuellement à Saint-Lô pour le travail, retour chez moi demain.",Cherbourg,Saint-Lô
"Je vis à Les Sables-d’Olonne, en déplacement à La Roche-sur-Yon, retour chez moi demain.",Les Sables-d’Olonne,La Roche-sur-Yon
"Je suis de Châteauroux, actuellement en visite à Issoudun, retour chez moi.",Châteauroux,Issoudun
"Je suis originaire de Mont-de-Marsan, actuellement en déplacement à Dax, retour chez moi prévu demain.",Mont-de-Marsan,Dax
"Je vis à Argentan, actuellement en déplacement à Alençon, retour chez moi.",Argentan,Alençon
"Je suis de Cambrai, en visite à Douai, retour chez moi prévu.",Cambrai,Douai
"Je viens de Sens, actuellement à Auxerre pour un rendez-vous, retour chez moi.",Sens,Auxerre
"Je suis de Gaillac, en déplacement à Albi, retour chez moi demain.",Gaillac,Albi
"Je vis à Beauvais, en déplacement à Amiens, retour chez moi demain.",Beauvais,Amiens
"Je viens de Pontarlier, actuellement à Besançon pour une formation, retour chez moi demain.",Pontarlier,Besançon
"Je suis originaire de Fécamp, en déplacement à Rouen, retour chez moi prévu demain.",Fécamp,Rouen
"Je vis à Villefranche-sur-Saône, actuellement en visite à Lyon, retour chez moi.",Villefranche-sur-Saône,Lyon
"Je viens de Saint-Omer, actuellement en déplacement à Calais, retour chez moi prévu demain.",Saint-Omer,Calais
"Originaire de Marseille, je suis à Paris pour le travail et je rentre demain.",Marseille,Paris
"J'habite à Lyon et je suis actuellement à Strasbourg pour quelques jours.",Lyon,Strasbourg
"Je suis de Bordeaux, en voyage à Nantes, retour prévu après-demain.",Bordeaux,Nantes
"Je vis à Lille et je suis à Dunkerque pour le weekend.",Lille,Dunkerque
"Je viens de Toulouse et je passe quelques jours à Marseille.",Toulouse,Marseille
"Originaire de Rouen, je suis à Caen pour un rendez-vous, retour prévu demain.",Rouen,Caen
"Je suis de Nîmes et je visite Avignon pour la journée.",Nîmes,Avignon
"J'habite à Tours, mais je suis à Poitiers pour le travail cette semaine.",Tours,Poitiers
"Je suis de Besançon, actuellement en déplacement à Dijon.",Besançon,Dijon
"Je vis à Brest, mais je suis à Lorient pour une conférence.",Brest,Lorient
"Originaire de Metz, je passe quelques jours à Nancy.",Metz,Nancy
"Je suis de Mulhouse, en visite à Strasbourg pour le weekend.",Mulhouse,Strasbourg
"Je viens de Tarbes et je suis actuellement à Pau pour un rendez-vous.",Tarbes,Pau
"J'habite à La Rochelle, mais je suis en déplacement à Rochefort.",La Rochelle,Rochefort
"Je suis originaire de Dunkerque, en déplacement à Lille pour le travail.",Dunkerque,Lille
"Je vis à Chalon-sur-Saône et je suis actuellement à Dijon pour un séminaire.",Chalon-sur-Saône,Dijon
"Originaire d'Annecy, je suis à Chambéry pour une réunion.",Annecy,Chambéry
"Je viens de Clermont-Ferrand, en déplacement à Saint-Étienne pour deux jours.",Clermont-Ferrand,Saint-Étienne
"Je suis de Chartres, mais je suis en déplacement à Dreux pour le travail.",Chartres,Dreux
"Je vis à Narbonne et je suis en visite à Perpignan pour un événement.",Narbonne,Perpignan
"Originaire de Lorient, je passe quelques jours à Quimper.",Lorient,Quimper
"Je viens de Mende et je suis en déplacement à Millau.",Mende,Millau
"Je vis à Bayonne, mais je suis actuellement à Dax pour un rendez-vous.",Bayonne,Dax
"J'habite à Alençon et je suis en déplacement à Argentan.",Alençon,Argentan
"Originaire de Rodez, je suis actuellement à Cahors pour un projet.",Rodez,Cahors
"Je suis de Vannes, mais je passe la semaine à Lorient.",Vannes,Lorient
"Je viens de Périgueux, actuellement à Bergerac pour un séminaire.",Périgueux,Bergerac
"Je suis de Pau, en visite à Bayonne pour quelques jours.",Pau,Bayonne
"J'habite à Saint-Brieuc, mais je suis en déplacement à Brest.",Saint-Brieuc,Brest
"Je vis à Avignon, mais je passe quelques jours à Arles.",Avignon,Arles
"Originaire de Biarritz, actuellement en déplacement à Bayonne.",Biarritz,Bayonne
"Je viens de Sens, en déplacement à Auxerre.",Sens,Auxerre
"Je suis de Vesoul et je suis en visite à Belfort.",Vesoul,Belfort
"Je vis à Thionville, mais je suis en déplacement à Metz.",Thionville,Metz
"Originaire de Montauban, je suis à Cahors pour une réunion.",Montauban,Cahors
"Je suis de Forbach et je suis actuellement à Sarreguemines.",Forbach,Sarreguemines
"Je vis à Aix-en-Provence, mais je passe quelques jours à Marseille.",Aix-en-Provence,Marseille
"Je viens de Tarbes, en visite à Lourdes pour un événement.",Tarbes,Lourdes
"Originaire de Villeneuve-sur-Lot, je suis en déplacement à Agen.",Villeneuve-sur-Lot,Agen
"Je vis à Saint-Nazaire, actuellement à Nantes pour le travail.",Saint-Nazaire,Nantes
"Je viens de Tulle, actuellement en visite à Brive.",Tulle,Brive
"Je suis de Toulon, mais je passe quelques jours à Fréjus.",Toulon,Fréjus
"Je vis à Bastia, mais je suis en déplacement à Ajaccio.",Bastia,Ajaccio
"Originaire de Perpignan, je suis en visite à Carcassonne.",Perpignan,Carcassonne
"Je viens de Montluçon, actuellement à Moulins pour un séminaire.",Montluçon,Moulins
"Je suis de Dole, mais je suis en déplacement à Besançon.",Dole,Besançon
"Je vis à Châlons-en-Champagne, actuellement en déplacement à Reims.",Châlons-en-Champagne,Reims
"Originaire de Gap, je suis actuellement à Sisteron pour un projet.",Gap,Sisteron
"Je viens de Lens, en déplacement à Arras pour le travail.",Lens,Arras
"Je vis à Sète, mais je suis en déplacement à Béziers.",Sète,Béziers
"Je suis de Royan, en visite à La Rochelle pour quelques jours.",Royan,La Rochelle
"Originaire de Saint-Quentin, actuellement en déplacement à Laon.",Saint-Quentin,Laon
"Je vis à Fougères, mais je suis en déplacement à Vitré.",Fougères,Vitré
"Je viens de Manosque, en visite à Digne-les-Bains pour le travail.",Manosque,Digne-les-Bains
"Je suis de Dinan, actuellement à Saint-Malo pour une conférence.",Dinan,Saint-Malo
"Originaire de Saint-Jean-de-Luz, actuellement à Bayonne pour le travail.",Saint-Jean-de-Luz,Bayonne
"Je vis à Chambéry, mais je passe quelques jours à Aix-les-Bains.",Chambéry,Aix-les-Bains
"Je viens de Lannion, en visite à Morlaix pour le weekend.",Lannion,Morlaix
"Je suis de Tulle, mais je suis actuellement en visite à Limoges.",Tulle,Limoges
"Originaire de Morlaix, en déplacement à Brest pour un événement.",Morlaix,Brest
"Je suis de La Baule, actuellement en visite à Saint-Nazaire.",La Baule,Saint-Nazaire
"Je vis à Alès, mais je passe quelques jours à Uzès.",Alès,Uzès
"Je viens de Sisteron, en déplacement à Manosque pour un projet.",Sisteron,Manosque
"Je suis de Dieppe, mais je suis en visite à Rouen pour le travail.",Dieppe,Rouen
"Originaire de Pamiers, actuellement à Foix pour une conférence.",Pamiers,Foix
"Je vis à Dax, mais je suis en déplacement à Mont-de-Marsan.",Dax,Mont-de-Marsan
"Je viens de Bergerac, actuellement en visite à Périgueux.",Bergerac,Périgueux
"Je suis de Cosne-Cours-sur-Loire, en déplacement à Nevers.",Cosne-Cours-sur-Loire,Nevers
"Originaire de Saint-Lô, actuellement en visite à Coutances.",Saint-Lô,Coutances
"Je vis à Crest, mais je suis en déplacement à Valence.",Crest,Valence
"Je viens de Sens, en visite à Auxerre pour un séminaire.",Sens,Auxerre
"Je suis de Lure, actuellement à Vesoul pour un projet.",Lure,Vesoul
"Originaire de Douarnenez, en déplacement à Quimper pour le travail.",Douarnenez,Quimper
"Je vis à Saintes, mais je suis en déplacement à La Rochelle.",Saintes,La Rochelle
"Je viens de Vesoul, actuellement en visite à Luxeuil-les-Bains.",Vesoul,Luxeuil-les-Bains